<?xml version="1.0" encoding="UTF-8"?>
<project-private xmlns="http://www.netbeans.org/ns/project-private/1">
    <editor-bookmarks xmlns="http://www.netbeans.org/ns/editor-bookmarks/2" lastBookmarkId="0"/>
    <open-files xmlns="http://www.netbeans.org/ns/projectui-open-files/2">
        <group>
            <file>file:/D:/crud_java_mysql-main/crudcrudado/src/br/com/loja/telas/TelaOS.java</file>
            <file>file:/D:/crud_java_mysql-main/crudcrudado/src/br/com/loja/telas/TelaClientes.java</file>
        </group>
    </open-files>
</project-private>
